NAME,ADDRESS1,ADDRESS2,ADDRESS3,PHONE,EMERGE,CONTACT,EMPCODE,PASSWORD,ACCESS_LVL,FED_TBLE,STATE_TBLE,PRICE_LVL,NOTES,START,FED_EXEMPT,ST_EXEMPT,CIT_RATE,PAY_SERV,PAY_RET,PAY_MISC,BIRTH,SSN,PAY_TYPE,GLCODE,ADD_FED,ADD_STATE,SHOW_APPT,COMM_TYPE,COMM_BASE,SAMOUNT1,SAMOUNT2,SAMOUNT3,SAMOUNT4,SAMOUNT5,SPERCENT1,SPERCENT2,SPERCENT3,SPERCENT4,SPERCENT5,RAMOUNT1,RAMOUNT2,RAMOUNT3,RAMOUNT4,RAMOUNT5,RPERCENT1,RPERCENT2,RPERCENT3,RPERCENT4,RPERCENT5,MAMOUNT1,MAMOUNT2,MAMOUNT3,MAMOUNT4,MAMOUNT5,MPERCENT1,MPERCENT2,MPERCENT3,MPERCENT4,MPERCENT5,R2PCENT,SERV_AVG,RET_AVG,MISC_AVG,RETAILTOT,RET2TOT,SERVTOT,MISCTOT,HOURS_DFLT,HOURS,HOURS_OT,DAYS,SAL_OR_COM,GROSSDED1,GROSSDED2,GROSSDED3,GDED1_TYPE,GDED2_TYPE,GDED3_TYPE,SS_GDED,TIPS,CUR_TIPS,WAGE,DEDUCT1,DEDUCT2,DEDUCT3,NDED1_TYPE,NDED2_TYPE,NDED3_TYPE,TERMINATED,TDATE,YTD_GROSS,YTD_NET,YTD_TIPS,YTD_FIT,YTD_FICA,YTD_CARE,YTD_FUTA,YTD_SIT,YTD_SDI,YTD_SETF,YTD_SUI,YTD_CIT,YTD_DED1,YTD_DED2,YTD_DED3,YTD_GDED1,YTD_GDED2,YTD_GDED3,INIT_GROSS,INIT_NET,INIT_TIPS,INIT_FIT,INIT_FICA,INIT_CARE,INIT_FUTA,INIT_SIT,INIT_SDI,INIT_SETF,INIT_SUI,INIT_CIT,INIT_DED1,INIT_DED2,INIT_DED3,INIT_GDED1,INIT_GDED2,INIT_GDED3,PR_TAG,LICENSE,LIC_EXP,PHOTO,OTHERTOT,TIPNAME,OTHER_AVG
,,,,(   )    -,-   -,,888,,,S,1,S,,,0,0,,VERDADEIRO,,,,-  -,H,43010,,,FALSO,1,1,,,,,,,,,,,,,,,,,,,,,,,,,,,,,,,,,,,0.00,0.00,0.00,0.00,,0.00,0.00,0,,,,,,,,,0.00,,,,,,,,,,,0.00,0.00,0.00,0.00,0.00,0.00,0.00,0.00,0.00,0.00,0.00,0.00,0.00,0.00,0.00,0.00,0.00,0.00,0.00,0.00,0.00,0.00,0.00,0.00,0.00,0.00,0.00,0.00,0.00,0.00,0.00,0.00,0.00,0.00,0.00,0.00,,,,noemp.bmp,0.00,,
Jo Stout,909 Orlando Dr.,,"Fort Wayne,Indiana  46825",(260) 489-7262,-   -,George Stout,CJS,george,4,S,1,S,,11/14/2009,,,,VERDADEIRO,,,10/14/2047,-  -,C,43010,,,FALSO,1,1,,,,,,,,,,,,,,,,,,,,,,,,,,,,,,,,,,,,,,,,,,,,,,,,,,,,,,,,,,,,,,,,,,,,,,,,,,,,,,,,,,,,,,,,,,,,,,,,,,,,,noemp.bmp,,,
Kristy Bloom,10121 Unita Drive,,Ft. Wayne In 46804,(260) 436-3891,260-704-4999,Randy Bloom,KJB,kelsey,4,S,1,S,,11/14/2009,,,,VERDADEIRO,,,1/31/1964,-  -,C,43010,,,VERDADEIRO,1,1,,,,,,,,,,,,,,,,,,,,,,,,,,,,,,,,,,,,,,,,,,,,,,,,,,,,,,,,,,,,,,,,,,,,,,,,,,,,,,,,,,,,,,,,,,,,,,,,,,,,,noemp.bmp,,,
Rico Talamantes,5604 Woddlea,,Ft. Wayne In 46835,(260) 486-8743,260-710-4506,Karen Talamantes,RNT,buddy,4,S,1,S,,11/14/2009,,,,VERDADEIRO,,,9/10/1973,-  -,C,43010,,,VERDADEIRO,1,1,,,,,,,,,,,,,,,,,,,,,,,,,,,,,,,,,,,,,,,,,,,,,,,,,,,,,,,,,,,,,,,,,,,,,,,,,,,,,,,,,,,,,,,,,,,,,,,,,,,,,noemp.bmp,,,
Stacy Honeick,,,,(   )    -,-   -,,SLH,rileyavery,5T,S,1,S,,,,,,VERDADEIRO,,,3/31/1970,-  -,C,43010,,,VERDADEIRO,1,1,,,,,,,,,,,,,,,,,,,,,,,,,,,,,,,,,,,,,,,,,,,,,,,,,,,,,,,,,,,,,,,,,,,,,,,,,,,,,,,,,,,,,,,,,,,,,,,,,,,,,noemp.bmp,,,
Janine Hattery,3023 Marne Pl.,,"Fort Wayne, In. 46818",(260) 338-2446,260-484-4190,Hope Hattery,JMH,1415,4,S,1,S,,,,,,VERDADEIRO,,,3/26/1975,-  -,C,43010,,,FALSO,1,1,,,,,,,,,,,,,,,,,,,,,,,,,,,,,,,,,,,,,,,,,,,,,,,,,,,,,,,,,,,,,,,,,,,,,,,,,,,,,,,,,,,,,,,,,,,,,,,,,,,,,noemp.bmp,,,
Lindsay Neal,10019 Hosler Rd.,,"Leo, Indiana 46765",(260) 413-5968,260-249-5010,Brad Neal,LMN,charlie,4,S,1,S,,,,,,VERDADEIRO,,,3/27/1982,-  -,C,43010,,,FALSO,1,1,,,,,,,,,,,,,,,,,,,,,,,,,,,,,,,,,,,,,,,,,,,,,,,,,,,,,,,,,,,,,,,,,,,,,,,,,,,,,,,,,,,,,,,,,,,,,,,,,,,,,noemp.bmp,,,
Beth Fortney,333 Estero Rd,,"Ft. Wayne, IN 46845",(260) 637-0151,260-705-4748,Dave Fortney,EAF,jeorgia,4,S,1,S,,,,,,VERDADEIRO,,,10/9/1961,-  -,C,43010,,,VERDADEIRO,1,1,,,,,,,,,,,,,,,,,,,,,,,,,,,,,,,,,,,,,,,,,,,,,,,,,,,,,,,,,,,,,,,,,,,,,,,,,,,,,,,,,,,,,,,,,,,,,,,,,,,,,noemp.bmp,,,
Abby Hattery,1623 Summer Glen Place,,Fort Wayne IN. 46825,(260) 489-9908,260-969-7173,,AMH,derbygirl,4,S,1,S,,,,,,VERDADEIRO,,,1/3/1988,-  -,C,43010,,,FALSO,1,1,,,,,,,,,,,,,,,,,,,,,,,,,,,,,,,,,,,,,,,,,,,,,,,,,,,,,,,,,,,,,,,,,,,,,,,,,,,,,,,,,,,,,,,,,,,,,,,,,,,,,noemp.bmp,,,
Arielle Black,,,,(260) 449-1937,-   -,,AAB,black,4,S,1,S,,,,,,VERDADEIRO,,,,-  -,C,43010,,,VERDADEIRO,1,1,,,,,,,,,,,,,,,,,,,,,,,,,,,,,,,,,,,,,,,,,,,,,,,,,,,,,,,,,,,,,,,,,,,,,,,,,,,,,,,,,,,,,,,,,,,,,,,,,,,,,noemp.bmp,,,
Jeorgia Fortney,,,,(260) 705-4740,-   -,,JMF,hellokitty,4T,S,1,M,,,,,,VERDADEIRO,,,,-  -,H,43010,,,FALSO,1,1,,,,,,,,,,,,,,,,,,,,,,,,,,,,,,,,,,,,,,,,,,,,,,,,,,,,,,,,,,,,,,,,,,,,,,,,,,,,,,,,,,,,,,,,,,,,,,,,,,,,,noemp.bmp,,,
Audrey Dunning,,,,(260) 433-4123,-   -,,AD1,,,S,1,S,,10/12/2010,,,,VERDADEIRO,,,,-  -,H,43010,,,FALSO,1,1,,,,,,,,,,,,,,,,,,,,,,,,,,,,,,,,,,,,,,,,,,,,,,,,,,,,,,,,,,,,,,,,,,,,,,,,,,,,,,,,,,,,,,,,,,,,,,,,,,,,,noemp.bmp,,,
Tammie Rooks,,,,(937) 215-5335,-   -,,TLR,,,S,1,S,,,,,,VERDADEIRO,,,,-  -,C,43010,,,VERDADEIRO,1,1,,,,,,,,,,,,,,,,,,,,,,,,,,,,,,,,,,,,,,,,,,,,,,,,,,,,,,,,,,,,,,,,,,,,,,,,,,,,,,,,,,,,,,,,,,,,,,,,,,,,,noemp.bmp,,,
Amber Rodriguez,4423 Brookshire Circle,,"Fort Wayne, IN  46835",(260) 444-9344,260-444-9345,Izzy Rodriguez,AR,,,S,1,S,,2/6/2012,,,,VERDADEIRO,,,1/3/1982,-  -,H,43010,,,VERDADEIRO,1,1,,,,,,,,,,,,,,,,,,,,,,,,,,,,,,,,,,,,,,,,,,,,,,,,,,,,,,,,,,,,,,,,,,,,,,,,,,,,,,,,,,,,,,,,,,,,,,,,,,,,,noemp.bmp,,,
Michelle Spugeon,,,,(   )    -,-   -,,MS,,,S,1,S,,3/6/2012,,,,VERDADEIRO,,,,-  -,H,43010,,,FALSO,1,1,,,,,,,,,,,,,,,,,,,,,,,,,,,,,,,,,,,,,,,,,,,,,,,,,,,,,,,,,,,,,,,,,,,,,,,,,,,,,,,,,,,,,,,,,,,,,,,,,,,,,noemp.bmp,,,
Jeni Compton,,,,(260) 704-8466,-   -,,JLC,,,S,1,S,,8/10/2012,,,,VERDADEIRO,,,,-  -,H,43010,,,VERDADEIRO,1,1,,,,,,,,,,,,,,,,,,,,,,,,,,,,,,,,,,,,,,,,,,,,,,,,,,,,,,,,,,,,,,,,,,,,,,,,,,,,,,,,,,,,,,,,,,,,,,,,,,,,,noemp.bmp,,,
Amy Perlich,,,,(   )    -,-   -,,AP,,,S,1,S,,3/11/2013,,,,VERDADEIRO,,,,-  -,H,43010,,,VERDADEIRO,1,1,,,,,,,,,,,,,,,,,,,,,,,,,,,,,,,,,,,,,,,,,,,,,,,,,,,,,,,,,,,,,,,,,,,,,,,,,,,,,,,,,,,,,,,,,,,,,,,,,,,,,noemp.bmp,,,
JULIA BLOOM,,,,(   )    -,-   -,,JB,,,S,1,S,,11/18/2013,,,,VERDADEIRO,,,,-  -,H,43010,,,VERDADEIRO,1,1,,,,,,,,,,,,,,,,,,,,,,,,,,,,,,,,,,,,,,,,,,,,,,,,,,,,,,,,,,,,,,,,,,,,,,,,,,,,,,,,,,,,,,,,,,,,,,,,,,,,,noemp.bmp,,,
Taija Ballentine,,,,(   )    -,-   -,,TB,,,S,1,S,,8/15/2014,,,,VERDADEIRO,,,,-  -,H,43010,,,VERDADEIRO,1,1,,,,,,,,,,,,,,,,,,,,,,,,,,,,,,,,,,,,,,,,,,,,,,,,,,,,,,,,,,,,,,,,,,,,,,,,,,,,,,,,,,,,,,,,,,,,,,,,,,,,,noemp.bmp,,,
Stephani Hartzell,,,,(   )    -,-   -,,SHA,,,S,1,S,,8/14/2014,,,,VERDADEIRO,,,,-  -,H,43010,,,VERDADEIRO,1,1,,,,,,,,,,,,,,,,,,,,,,,,,,,,,,,,,,,,,,,,,,,,,,,,,,,,,,,,,,,,,,,,,,,,,,,,,,,,,,,,,,,,,,,,,,,,,,,,,,,,,noemp.bmp,,,
